{
	"typescript.reloadProjects.title": "重载项目",
	"javascript.reloadProjects.title": "重载项目",
	"configuration.typescript": "TypeScript",
	"typescript.useCodeSnippetsOnMethodSuggest.dec": "完成函数的参数签名。",
	"typescript.tsdk.desc": "指定包含要使用的 tsserver 和 lib*.d.ts 文件的文件夹路径。",
	"typescript.tsdk_version.desc": "指定 tsserver 的版本。仅在未使用 npm 安装 tsserver 时需要。",
	"typescript.disableAutomaticTypeAcquisition": "禁用自动获取类型。需要 TypeScript >= 2.0.6，并且更改后需要重启。",
	"typescript.check.tscVersion": "检查全局安装的 TypeScript 编译器(例如 tsc )是否不同于使用的 TypeScript 语言服务。",
	"typescript.tsserver.log": "启用 TS 服务器的日志记录到文件。",
	"typescript.tsserver.trace": "对发送到 TS 服务器的消息启用跟踪。",
	"typescript.tsserver.experimentalAutoBuild": "启用实验性自动生成。要求安装 1.9 dev 或 2.x tsserver 版本并在更改后重启 VS Code。",
	"typescript.validate.enable": "启用/禁用 TypeScript 验证。",
	"typescript.format.enable": "启用/禁用默认 TypeScript 格式化程序。",
	"javascript.format.enable": "启用/禁用 JavaScript 格式化程序。",
	"format.insertSpaceAfterCommaDelimiter": "定义逗号分隔符后面的空格处理。",
	"format.insertSpaceAfterSemicolonInForStatements": "在 For 语句中，定义分号后面的空格处理。",
	"format.insertSpaceBeforeAndAfterBinaryOperators": "定义二进制运算符后面的空格处理",
	"format.insertSpaceAfterKeywordsInControlFlowStatements": "定义控制流语句中关键字后面的空格处理。",
	"format.insertSpaceAfterFunctionKeywordForAnonymousFunctions": "定义匿名函数的函数关键字后面的空格处理。",
	"format.insertSpaceBeforeFunctionParenthesis": "在函数参数括号前定义空格处理。需要 TypeScript >= 2.1.5。",
	"format.insertSpaceAfterOpeningAndBeforeClosingNonemptyParenthesis": "定义非空圆括号的左括号后面和右括号前面的空格处理。",
	"format.insertSpaceAfterOpeningAndBeforeClosingNonemptyBrackets": "定义非空方括号的左括号后面和右括号前面的空格处理。",
	"format.insertSpaceAfterOpeningAndBeforeClosingTemplateStringBraces": "定义模板字符串的左括号后面和右括号前面的空格处理。要求 TypeScript >= 2.0.6。",
	"format.insertSpaceAfterOpeningAndBeforeClosingJsxExpressionBraces": "定义 JSX 表达式左括号后面和右括号前面的空格处理。要求 TypeScript >= 2.0.6。",
	"format.placeOpenBraceOnNewLineForFunctions": "定义函数的左大括号是否放置在新的一行。",
	"format.placeOpenBraceOnNewLineForControlBlocks": "定义控制块的左括号是否放置在新的一行。",
	"javascript.validate.enable": "启用/禁用 JavaScript 验证。",
	"typescript.goToProjectConfig.title": "转到项目配置",
	"javascript.goToProjectConfig.title": "转到项目配置",
	"typescript.referencesCodeLens.enabled": "启用/禁用引用 CodeLens。要求 TypeScript >= 2.0.6。",
	"typescript.implementationsCodeLens.enabled": "启用/禁用实现 CodeLens。要求 TypeScript >= 2.2.0。",
	"typescript.openTsServerLog.title": "打开 TS 服务器日志文件",
	"typescript.selectTypeScriptVersion.title": "选择 TypeScript 版本"
}