{
	"command.clone": "Cloner",
	"command.init": "Initialiser le dépôt",
	"command.refresh": "Actualiser",
	"command.openChange": "Ouvrir les modifications",
	"command.openFile": "Ouvrir le fichier",
	"command.stage": "Mettre en attente les modifications",
	"command.stageAll": "Mettre en attente toutes les modifications",
	"command.stageSelectedRanges": "Mettre en attente les plages sélectionnées",
	"command.revertSelectedRanges": "Restaurer les portées sélectionnées",
	"command.unstage": "Annuler la mise en attente des modifications",
	"command.unstageAll": "Annuler la mise en attente de toutes les modifications",
	"command.unstageSelectedRanges": "Annuler la mise en attente des plages sélectionnées",
	"command.clean": "Ignorer les modifications",
	"command.cleanAll": "Ignorer toutes les modifications",
	"command.commit": "Valider",
	"command.commitStaged": "Valider les modifications en attente",
	"command.commitStagedSigned": "Valider les modifications en attente (signé)",
	"command.commitAll": "Valider tout",
	"command.commitAllSigned": "Valider tout (signé)",
	"command.undoCommit": "Annuler la dernière validation",
	"command.checkout": "Extraire vers...",
	"command.branch": "Créer une branche...",
	"command.pull": "Pull",
	"command.pullRebase": "Pull (rebaser)",
	"command.push": "Push",
	"command.pushTo": "Transfert (Push) vers...",
	"command.sync": "Synchroniser",
	"command.publish": "Publier",
	"command.showOutput": "Afficher la sortie Git",
	"config.enabled": "Indique si git est activé",
	"config.path": "Chemin de l'exécutable git",
	"config.autorefresh": "Indique si l'actualisation automatique est activée",
	"config.autofetch": "Indique si la récupération automatique est activée",
	"config.enableLongCommitWarning": "Indique si les longs messages de validation doivent faire l'objet d'un avertissement",
	"config.confirmSync": "Confirmer avant de synchroniser des dépôts git",
	"config.countBadge": "Contrôle le compteur de badges git",
	"config.checkoutType": "Contrôle le type des branches listées"
}