{
	"configuration.suggest.basic": "Configure l'activation ou la désactivation des suggestions de langage PHP intégrées. La fonctionnalité de prise en charge suggère les variables globales et les variables de session PHP.",
	"configuration.validate.enable": "Activez/désactivez la validation PHP intégrée.",
	"configuration.validate.executablePath": "Pointe vers l'exécutable PHP.",
	"configuration.validate.run": "Spécifie si linter est exécuté au moment de l'enregistrement ou de la saisie.",
	"configuration.title": "PHP",
	"commands.categroy.php": "PHP",
	"command.untrustValidationExecutable": "Ne pas faire confiance à l'exécutable de validation PHP"
}