{
	"extension.description": "Extensión del depurador de Visual Studio Code para Node.js.",
	"node.label": "Node.js",
	"open.loaded.script": "Abrir script cargado",
	"smartStep.description": "Explore automáticamente el código generado que no se puede volver a asignar al código fuente original.",
	"skipFiles.description": "Una matriz de patrones globales para los archivos que se deben omitir en la depuración.",
	"outFiles.description": "Si los mapas de origen están habilitados, estos patrones globales especifican los archivos JavaScript generados. Si un patrón comienza con '!' los archivos se excluyen. Si no se especifica, el código generado se espera en el mismo directorio que su origen.",
	"outDir.deprecationMessage": "El atributo \"outDir\" está en desuso, use \"outFiles\" en su lugar.",
	"trace.description": "Produce una salida de diagnóstico. En lugar de establecer esta opción como verdadera, puede enumerar uno o varios selectores separados por comas. El selector \"verbose\" habilita una salida muy detallada.",
	"launch.args.description": "Argumentos de línea de comandos pasados al programa.",
	"node.protocol.description": "Protocolo de depuración de Node.js para utilizar.",
	"node.protocol.auto.description": "intentar detectar el mejor protocolo automáticamente",
	"node.protocol.inspector.description": "nuevo protocolo que admiten las versiones de Node.js >= 6.3",
	"node.protocol.legacy.description": "protocolo antiguo que admiten las versiones de Node.js < 8.0",
	"node.sourceMaps.description": "Se usan los mapas de origen de JavaScript (si existen).",
	"node.stopOnEntry.description": "El programa se detiene automáticamente tras el inicio.",
	"node.port.description": "Puerto de depuración al que se va a conectar. El valor predeterminado es 5858.",
	"node.address.description": "Dirección TCP/IP del proceso de depuración (solo para Node.js >= 5.0). El valor predeterminado es \"localhost\".",
	"node.timeout.description": "Vuelva a probar con este número de milisegundos para conectarse a Node.js. El valor predeterminado es 10 000 ms.",
	"node.restart.description": "Reinicie la sesión cuando Node.js haya terminado.",
	"node.showAsyncStacks.description": "Muestra las llamadas asincrónicas que llevan a la pila de llamadas actual. Solo el protocolo \"inspector\" .",
	"node.launch.program.description": "Ruta de acceso absoluta al programa. El valor generado se infiere de package.json y de los archivos abiertos. Edite este atributo.",
	"node.launch.externalConsole.deprecationMessage": "El atributo \"externalConsole\" está en desuso, use \"console\" en su lugar.",
	"node.launch.console.description": "Lugar donde debe iniciarse el destino de depuración.",
	"node.launch.console.internalConsole.description": "Consola de depuración de VS Code (que no admite la lectura de entradas de un programa)",
	"node.launch.console.integratedTerminal.description": "Terminal integrado de VS Code",
	"node.launch.console.externalTerminal.description": "terminal externo que se puede configurar mediante la configuración de usuario",
	"node.launch.cwd.description": "Ruta de acceso absoluta al directorio de trabajo del programa que se está depurando.",
	"node.launch.runtimeExecutable.description": "Tiempo de ejecución que se va a usar. Puede ser una ruta de acceso absoluta o el nombre de un tiempo de ejecución disponible en PATH. Si se omite, se asume que es \"node\".",
	"node.launch.runtimeArgs.description": "Argumentos opcionales pasados al ejecutable del entorno de ejecución.",
	"node.launch.env.description": "Variables de entorno pasadas al programa.",
	"node.launch.envFile.description": "Ruta de acceso absoluta a un archivo que contiene definiciones de variables de entorno.",
	"node.launch.config.name": "Iniciar",
	"node.attach.processId.description": "Id. de proceso para asociar.",
	"node.attach.localRoot.description": "Ruta de acceso al directorio local que contiene el programa.",
	"node.attach.remoteRoot.description": "Ruta de acceso absoluta al directorio remoto que contiene el programa.",
	"node.attach.config.name": "Asociar",
	"node.processattach.config.name": "Asociar al proceso",
	"node.snippet.launch.label": "Node.js: iniciar programa",
	"node.snippet.launch.description": "Iniciar un programa de nodo en modo de depuración",
	"node.snippet.npm.label": "Node.js: iniciar mediante NPM",
	"node.snippet.npm.description": "Iniciar un programa de nodo a través de un script \"debug\" de npm",
	"node.snippet.attachLegacy.label": "Node.js: adjuntar mediante protocolo heredado",
	"node.snippet.attachLegacy.description": "Adjuntar mediante el protocolo heredado a un programa de nodo en ejecución",
	"node.snippet.attachInspector.label": "Node.js: Adjuntar mediante protocolo inspector",
	"node.snippet.attachInspector.description": "Adjuntar mediante el protocolo de inspector a un programa de nodo en ejecución",
	"node.snippet.remoteattach.label": "Node.js: adjuntar a programa remoto",
	"node.snippet.remoteattach.description": "Adjuntar al puerto de depuración de un programa de nodo remoto",
	"node.snippet.attachProcess.label": "Node.js: adjuntar a proceso",
	"node.snippet.attachProcess.description": "Abrir el selector de proceso para seleccionar el nodo o el proceso de Gulp al que adjuntar",
	"node.snippet.nodemon.label": "Node.js: configuración de Nodemon",
	"node.snippet.nodemon.description": "Use nodemon para reiniciar una sesión de depuración en los cambios de origen",
	"node.snippet.mocha.label": "Node.js: pruebas de Mocha",
	"node.snippet.mocha.description": "Depurar pruebas de Mocha",
	"node.snippet.yo.label": "Node.js: generador de Yeoman",
	"node.snippet.yo.description": "Depurar generador de Yeoman (para instalar, se ejecuta \"npm link\" en la carpeta del proyecto)",
	"node.snippet.gulp.label": "Node.js: tarea de Gulp",
	"node.snippet.gulp.description": "Depurar tarea de Gulp (asegúrese de tener Gulp instalado localmente en el proyecto)",
	"node.snippet.electron.label": "Node.js: proceso principal de Electron",
	"node.snippet.electron.description": "Depurar el proceso principal de Electron",
	"extensionHost.label": "Desarrollo de extensiones de VS Code",
	"extensionHost.launch.runtimeExecutable.description": "Ruta de acceso absoluta a VS Code.",
	"extensionHost.launch.stopOnEntry.description": "El host de extensiones se detiene automáticamente tras el inicio.",
	"extensionHost.launch.sourceMaps.description": "Se usan los mapas de origen de JavaScript.",
	"extensionHost.launch.env.description": "Variables de entorno pasadas al host de extensiones.",
	"extensionHost.snippet.launch.label": "Desarrollo de extensiones de VS Code",
	"extensionHost.snippet.launch.description": "Iniciar una extensión de VS Code en modo de depuración",
	"extensionHost.launch.config.name": "Extensión de inicio"
}