{
	"extension.description": "Node.js용 Visual Studio Code 디버거 확장",
	"node.label": "Node.js",
	"open.loaded.script": "로드된 스크립트 열기",
	"smartStep.description": "생성된 코드 중 원래 소스로 다시 매핑할 수 없는 코드를 단계별로 자동 실행합니다.",
	"skipFiles.description": "디버그할 때 건너뛸 파일에 대한 GLOB 패턴의 배열입니다.",
	"outFiles.description": "소스 맵이 사용되는 경우 이러한 GLOB 패턴은 생성된 JavaScript 파일을 지정합니다. 패턴이 '!'로 시작하면 파일이 제외됩니다. 지정하지 않으면 생성된 코드가 소스와 동일한 디렉터리에 필요합니다.",
	"outDir.deprecationMessage": "특성 'outDir'은(는) 사용되지 않습니다. 대신 'outFiles'를 사용하세요.",
	"trace.description": "진단 출력을 생성합니다. true로 설정하는 대신 하나 이상의 선택기를 쉼표로 구분하여 나열할 수 있습니다. '자세한 정보 표시' 선택기를 통해 아주 자세한 출력을 사용할 수 있습니다.",
	"launch.args.description": "프로그램에 전달된 명령줄 인수입니다.",
	"node.protocol.description": "사용할 Node.js 디버그 프로토콜입니다.",
	"node.protocol.auto.description": "가장 적합한 프로토콜을 자동으로 검색하려고 시도합니다.",
	"node.protocol.inspector.description": "Node.js 6.3 이상 버전에서 지원되는 새 프로토콜입니다.",
	"node.protocol.legacy.description": "Node.js 8.0 미만 버전에서 지원되는 이전 프로토콜입니다.",
	"node.sourceMaps.description": "JavaScript 소스 맵을 사용합니다(있는 경우에만).",
	"node.stopOnEntry.description": "시작한 후 자동으로 프로그램을 중지합니다.",
	"node.port.description": "연결할 디버그 포트입니다. 기본값은 5858입니다.",
	"node.address.description": "디버그할 프로세스의 TCP/IP 주소입니다(Node.js >= 5.0인 경우에만). 기본값은 'localhost'입니다.",
	"node.timeout.description": "이 시간(밀리초) 동안 Node.js에 연결하려고 다시 시도합니다. 기본값은 10000ms입니다.",
	"node.restart.description": "Node.js가 종료된 후 세션을 다시 시작합니다.",
	"node.showAsyncStacks.description": "현재 호출 스택을 발생시킨 비동기 호출을 표시합니다. 'inspector' 프로토콜에만 해당됩니다.",
	"node.launch.program.description": "프로그램의 절대 경로입니다. 생성된 값은 package.json 및 열린 파일을 보고 추측한 것입니다. 이 특성을 편집하세요.",
	"node.launch.externalConsole.deprecationMessage": "'externalConsole' 특성은 사용되지 않으므로 대신 'console'을 사용하세요.",
	"node.launch.console.description": "디버그 대상을 시작할 위치입니다.",
	"node.launch.console.internalConsole.description": "VS Code 디버그 콘솔(프로그램에서 입력 읽기를 지원하지 않음)",
	"node.launch.console.integratedTerminal.description": "VS Code의 통합 터미널",
	"node.launch.console.externalTerminal.description": "사용자 설정을 통해 구성할 수 있는 외부 터미널",
	"node.launch.cwd.description": "디버그 중인 프로그램의 작업 디렉터리의 절대 경로입니다.",
	"node.launch.runtimeExecutable.description": "사용할 런타임입니다. PATH에서 사용할 수 있는 런타임의 이름 또는 절대 경로입니다. 생략하면 'node'가 가정됩니다.",
	"node.launch.runtimeArgs.description": "선택적 인수가 런타임 실행 파일에 전달되었습니다.",
	"node.launch.env.description": "환경 변수가 프로그램에 전달되었습니다.",
	"node.launch.envFile.description": "환경 변수 정의가 포함된 파일의 절대 경로입니다.",
	"node.launch.config.name": "시작",
	"node.attach.processId.description": "연결할 프로세스의 ID입니다.",
	"node.attach.localRoot.description": "프로그램이 포함된 로컬 디렉터리의 경로입니다.",
	"node.attach.remoteRoot.description": "프로그램이 포함된 원격 디렉터리의 절대 경로입니다.",
	"node.attach.config.name": "연결",
	"node.processattach.config.name": "프로세스에 연결",
	"node.snippet.launch.label": "Node.js: 프로그램 실행",
	"node.snippet.launch.description": "디버그 모드에서 노드 프로그램 시작",
	"node.snippet.npm.label": "Node.js: NPM을 통해 시작",
	"node.snippet.npm.description": "npm 'debug' 스크립트를 통해 노드 프로그램 시작",
	"node.snippet.attachLegacy.label": "Node.js: 레거시 프로토콜을 통한 연결",
	"node.snippet.attachLegacy.description": "레거시 프로토콜을 통해 실행 중인 노드 프로그램에 연결합니다.",
	"node.snippet.attachInspector.label": "Node.js: 검사 프로토콜을 통한 연결",
	"node.snippet.attachInspector.description": "검사 프로토콜을 통해 실행 중인 노드 프로그램에 연결합니다.",
	"node.snippet.remoteattach.label": "Node.js: 원격 프로그램에 연결",
	"node.snippet.remoteattach.description": "원격 노드 프로그램의 디버그 포트에 연결합니다.",
	"node.snippet.attachProcess.label": "Node.js: 프로세스에 연결",
	"node.snippet.attachProcess.description": "프로세스 선택기를 열어 연결할 노드 또는 Gulp 프로세스 선택",
	"node.snippet.nodemon.label": "Node.js: Nodemon 설정",
	"node.snippet.nodemon.description": "nodemon을 사용하여 소스 변경 내용에 대한 디버그 세션 다시 시작",
	"node.snippet.mocha.label": "Node.js: Mocha 테스트",
	"node.snippet.mocha.description": "Mocha 테스트 디버그",
	"node.snippet.yo.label": "Node.js: Yeoman 생성기",
	"node.snippet.yo.description": "yeoman 생성기 디버그(프로젝트 폴더에서 'npm link'를 실행하여 설치)",
	"node.snippet.gulp.label": "Node.js: Gulp 작업",
	"node.snippet.gulp.description": "Gulp 작업 디버그(프로젝트에 로컬 Gulp가 설치되어 있는지 확인하세요.)",
	"node.snippet.electron.label": "Node.js: Electron 주",
	"node.snippet.electron.description": "Electron 주 프로세스 디버그",
	"extensionHost.label": "VS Code 확장 개발",
	"extensionHost.launch.runtimeExecutable.description": "VS Code의 절대 경로입니다.",
	"extensionHost.launch.stopOnEntry.description": "시작한 후 자동으로 확장 호스트를 중지합니다.",
	"extensionHost.launch.sourceMaps.description": "JavaScript 소스 맵을 사용합니다.",
	"extensionHost.launch.env.description": "확장 호스트에 전달된 환경 변수입니다.",
	"extensionHost.snippet.launch.label": "VS Code 확장 개발",
	"extensionHost.snippet.launch.description": "디버그 모드에서 VS Code 확장 시작",
	"extensionHost.launch.config.name": "확장 시작"
}