{
	"extension.description": "Visual Studio Code-Debuggererweiterung für Node.js",
	"node.label": "Node.js",
	"open.loaded.script": "Geladenes Skript öffnen",
	"smartStep.description": "Durchläuft automatisch den generierten Code, der nicht der ursprünglichen Quelle erneut zugeordnet werden kann.",
	"skipFiles.description": "Ein Array für Globmuster für Dateien, die beim Debuggen übersprungen werden.",
	"outFiles.description": "Wenn Quellzuordnungen aktiviert sind, geben diese Globmuster die generierten JavaScript-Dateien an. Wenn ein Muster mit \"!\" beginnt, werden die Dateien ausgeschlossen. Wenn keine Angabe erfolgt, wird der generierte Code im gleichen Verzeichnis wie seine Quelle erwartet.",
	"outDir.deprecationMessage": "Das Attribut \"outDir\" ist veraltet. Verwenden Sie stattdessen \"outFiles\".",
	"trace.description": "Erzeugen Sie Diagnoseausgabe. Anstatt diese Einstellung auf \"true\" zu setzen, können Sie einen oder mehrere Selektoren durch Kommas getrennt auflisten. Der Selektor \"verbose\" aktiviert eine sehr detaillierte Ausgabe.",
	"launch.args.description": "Befehlszeilenargumente, die an das Programm übergeben werden.",
	"node.protocol.description": "Zu verwendendes Debugging-Protokoll für Node.js",
	"node.protocol.auto.description": "versucht, automatisch das beste Protokoll zu ermitteln",
	"node.protocol.inspector.description": "Das neue Protokoll, das von den Node.js-Versionen >= 6.3 unterstützt wird",
	"node.protocol.legacy.description": "Das alte Protokoll, das von den Node.js-Versionen < 8.0 unterstützt wird",
	"node.sourceMaps.description": "Verwendet JavaScript-Quellzuordnungen (wenn vorhanden).",
	"node.stopOnEntry.description": "Beendet das Programm nach dem Start automatisch.",
	"node.port.description": "Der Debugport zum Anfügen. Der Standardwert ist 5858.",
	"node.address.description": "Die TCP/IP-Adresse des zu debuggenden Prozesses (nur für Node.js >= 5.0). Der Standardwert ist \"localhost\".",
	"node.timeout.description": "Führt für diese Anzahl von Millisekunden Wiederholungsversuche aus, um eine Verbindung mit Node.js herzustellen. Der Standardwert sind 10.000 Millisekunden.",
	"node.restart.description": "Startet die Sitzung neu, nachdem Node.js beendet wurde.",
	"node.showAsyncStacks.description": "Zeigt die asynchronen Aufrufe an, die zur aktuellen Aufrufliste geführt haben. Nur Protokoll \"inspector\".",
	"node.launch.program.description": "Der absolute Pfad zum Programm. Der generierte Wert wird anhand von \"package.json\" und geöffneter Dateien geschätzt. Bearbeiten Sie dieses Attribut.",
	"node.launch.externalConsole.deprecationMessage": "Das Attribut \"externalConsole\" ist veraltet. Verwenden Sie stattdessen \"console\".",
	"node.launch.console.description": "Startort des Debugziels",
	"node.launch.console.internalConsole.description": "Die Debugging-Konsole von VS Code (die das Lesen von Eingaben von einem Programm nicht unterstützt)",
	"node.launch.console.integratedTerminal.description": "Das integrierte Terminal von VS Code",
	"node.launch.console.externalTerminal.description": "Ein externes Terminal, das über die Benutzereinstellungen konfiguriert werden kann",
	"node.launch.cwd.description": "Der absolute Pfad zum Arbeitsverzeichnis des Programms, das debuggt wird.",
	"node.launch.runtimeExecutable.description": "Die zu verwendende Laufzeit. Ein absoluter Pfad oder der Name einer in PATH verfügbaren Laufzeit. Wenn keine Angabe erfolgt, wird \"node\" angenommen.",
	"node.launch.runtimeArgs.description": "Optionale Argumente, die an die ausführbare Laufzeitdatei übergeben werden.",
	"node.launch.env.description": "Umgebungsvariablen, die an das Programm übergeben werden.",
	"node.launch.envFile.description": "Absoluter Pfad zu einer Datei mit Definitionen für Umgebungsvariablen.",
	"node.launch.config.name": "Starten",
	"node.attach.processId.description": "Die ID des Prozesses, an den die Anfügung erfolgen soll.",
	"node.attach.localRoot.description": "Pfad zum lokalen Verzeichnis mit dem Programm.",
	"node.attach.remoteRoot.description": "Absoluter Pfad zum Remoteverzeichnis mit dem Programm.",
	"node.attach.config.name": "Anfügen",
	"node.processattach.config.name": "An den Prozess anhängen",
	"node.snippet.launch.label": "Node.js: Programm starten",
	"node.snippet.launch.description": "Node-Programm im Debugmodus starten",
	"node.snippet.npm.label": "Node.js: Über NPM starten",
	"node.snippet.npm.description": "Node-Programm über ein npm-Debugskript starten",
	"node.snippet.attachLegacy.label": "Node.js: Über Legacy-Protokoll anfügen",
	"node.snippet.attachLegacy.description": "Über das Legacy-Protokoll an ein ausgeführtes Node-Programm anfügen",
	"node.snippet.attachInspector.label": "Node.js: Über Inspector Protocol anfügen",
	"node.snippet.attachInspector.description": "Über das Inspektor-Protokoll an ein ausgeführtes Node-Programm anfügen",
	"node.snippet.remoteattach.label": "Node.js: An Remote-Programm anfügen",
	"node.snippet.remoteattach.description": "An den Debugport eines Remote-Node-Programms anfügen",
	"node.snippet.attachProcess.label": "Node.js: An Prozess anfügen",
	"node.snippet.attachProcess.description": "Prozessauswahl zum Auswählen des Knotens oder Gulp-Prozesses zum Anfügen öffnen",
	"node.snippet.nodemon.label": "Node.js: Nodemon-Einrichtung",
	"node.snippet.nodemon.description": "Verwenden Sie Nodemon zum erneuten Starten einer Debugsitzung bei Quellenänderungen.",
	"node.snippet.mocha.label": "Node.js: Mocha-Tests",
	"node.snippet.mocha.description": "Mocha-Tests debuggen",
	"node.snippet.yo.label": "Node.js: Yeoman-Generator",
	"node.snippet.yo.description": "Yeoman-Generator debuggen (durch Ausführen von \"npm link\" im Projektordner installieren)",
	"node.snippet.gulp.label": "Node.js: Gulp-Aufgabe",
	"node.snippet.gulp.description": "Gulp-Aufgabe debuggen (in Ihrem Projekt muss ein lokales Gulp installiert sein)",
	"node.snippet.electron.label": "Node.js: Electron-Hauptprozess",
	"node.snippet.electron.description": "Electron-Hauptprozess debuggen",
	"extensionHost.label": "VSCode-Erweiterungsentwicklung",
	"extensionHost.launch.runtimeExecutable.description": "Der absolute Pfad zu VS Code.",
	"extensionHost.launch.stopOnEntry.description": "Beendet den Erweiterungshost nach dem Start automatisch.",
	"extensionHost.launch.sourceMaps.description": "Verwendet JavaScript-Quellzuordnungen.",
	"extensionHost.launch.env.description": "Umgebungsvariablen wurden an den Erweiterungshost weitergegeben.",
	"extensionHost.snippet.launch.label": "VSCode-Erweiterungsentwicklung",
	"extensionHost.snippet.launch.description": "VS Code-Erweiterung im Debugmodus starten",
	"extensionHost.launch.config.name": "Extension starten"
}