{
	"markdown.preview.doubleClickToSwitchToEditor.desc": "markdown 미리 보기에서 두 번 클릭하여 편집기로 전환합니다.",
	"markdown.preview.fontFamily.desc": "markdown 미리 보기에서 사용되는 글꼴 패밀리를 제어합니다.",
	"markdown.preview.fontSize.desc": "markdown 미리 보기에서 사용되는 글꼴 크기(픽셀)를 제어합니다.",
	"markdown.preview.lineHeight.desc": "markdown 미리 보기에 사용되는 줄 높이를 제어합니다. 이 숫자는 글꼴 크기에 상대적입니다.",
	"markdown.preview.markEditorSelection.desc": "markdown 미리 보기에 현재 편집기 선택을 표시합니다.",
	"markdown.preview.scrollEditorWithPreview.desc": "markdown 미리 보기를 스크롤할 때 편집기의 보기를 업데이트합니다.",
	"markdown.preview.scrollPreviewWithEditorSelection.desc": "markdown 미리 보기를 스크롤하여 편집기에서 현재 선택한 줄을 표시합니다.",
	"markdown.preview.title": "미리 보기 열기",
	"markdown.previewFrontMatter.dec": "markdown 미리 보기에서 YAML 전문을 렌더링할 방법을 설정합니다. '숨기기' 기능을 사용하면 전문이 제거되고, 그러지 않으면 전문이 markdown 콘텐츠로 처리됩니다.",
	"markdown.previewSide.title": "측면에서 미리 보기 열기",
	"markdown.showSource.title": "소스 표시",
	"markdown.styles.dec": "markdown 미리 보기에서 사용할 CSS 스타일시트의 URL 또는 로컬 경로 목록입니다. 상대 경로는 탐색기에서 열린 폴더를 기준으로 해석됩니다. 열린 폴더가 없으면 markdown 파일의 위치를 기준으로 해석됩니다. 모든 ''는 '\\'로 써야 합니다.",
	"markdown.showPreviewSecuritySelector.title": "Markdown 미리 보기 보안 설정 변경"
}